{
    "loss": 19.79360580444336,
    "accuracy": 0.5467625856399536
}